{"Accels": [1.0, 1.0, 1.0], "AccelBias": [0.0, 0.0, 0.0], "GyroBias": [0.11208483949654272, 0.06383428220195633, -0.028047508991192974], "Mags": [0.9760547320410491, 0.912200684150513, 1.1117445838084379], "MagBias": [-1.4982226593121535, 1.4002080928150966, 1.706503613118399]}