{"Accels": [1.0, 1.0, 1.0], "AccelBias": [0.0, 0.0, 0.0], "GyroBias": [0.11034310556688043, 0.05750385169613428, -0.01312692131392393], "Mags": [1.493793847814355, 0.7555315704263357, 0.7506745817593092], "MagBias": [0.23803537577856648, 0.35005202320377415, -0.8760051880674449]}