{"Accels": [1.0, 1.0, 1.0], "AccelBias": [0.0, 0.0, 0.0], "GyroBias": [0.09801114996855935, 0.06325636742712937, -0.04672321110397278], "Mags": [1.542295081967213, 0.7672131147540983, 0.6904918032786884], "MagBias": [-3.430509827396987, 1.706503613118399, -1.535853251806559]}